State,Year,PARTY,Power_House,Power_Senate,Power_Total
AK,2000,REP,3.644407838392379,,
AK,2002,REP,4.39126138983423,,
AK,2004,REP,3.3333777783703784,7.436838005216942,35.68362310106407
AK,2006,REP,4.261757122461591,7.436838005216942,36.612002445155284
AK,2008,REP,3.1547930771220716,6.389388503573265,30.948633067665774
AK,2010,REP,3.9318222029999803,6.953365515826729,34.17896219684625
AK,2012,REP,3.450607997129094,6.953365515826729,33.697747990975365
AK,2014,REP,3.5747352014899496,7.408257985176076,35.800657437005874
AK,2016,REP,3.2446673891459388,6.735809753789314,32.54543981812945
AL,2000,REP,4.864509511505955,,
AL,2002,REP,5.517015263216798,,
AL,2004,REP,3.9045962117607553,1.2530978929472205,9.355572046081164
AL,2006,REP,6.13953227288993,1.2530978929472205,11.59050810721034
AL,2008,REP,3.7730397980237895,1.0258364606385268,8.23542840180138
AL,2010,REP,5.117905577566612,1.1281302087886984,10.025271985797449
AL,2012,REP,3.6201341518284265,1.1281302087886984,8.527500560059263
AL,2014,REP,6.476204574050773,1.7364208632703142,14.02963532927664
AL,2016,REP,3.704321090552129,1.376683253405398,9.69289324286561
AR,2000,REP,6.321462154196266,,
AR,2002,REP,5.811622081839262,,
AR,2004,REP,5.055356149840756,2.170011739763512,14.494907217812033
AR,2006,REP,5.242388379721917,2.170011739763512,14.681939447693193
AR,2008,REP,5.081345997741342,1.950170225483557,13.564586478594812
AR,2010,REP,5.16712417245277,2.2325028980678248,14.878511779047807
AR,2012,REP,3.8533640831787173,2.2325028980678248,13.564751689773754
AR,2014,REP,4.815494334570915,2.457814683230699,15.506988206624456
AR,2016,REP,3.7432959908364114,2.0460075487448512,12.643428827876514
AZ,2000,REP,4.09373004306604,,
AZ,2002,REP,6.697923643670462,,
AZ,2004,REP,4.274771633684132,1.1909181770734556,9.455265703953664
AZ,2006,REP,5.357800622844322,1.1466381000894665,10.3456763582335
AZ,2008,REP,3.711101853973709,1.1466381000894665,8.698977589362887
AZ,2010,REP,4.71102291029329,1.2363743815809891,10.089251470170591
AZ,2012,REP,4.141135416508498,1.0121698238773897,8.544074150375142
AZ,2014,REP,6.132390126306795,1.0121698238773897,10.53532886017344
AZ,2016,REP,3.7312442787587727,0.8378451293549095,7.375870591452629
CA,2000,DEM,4.981957171455493,,
CA,2002,DEM,7.301867611078284,,
CA,2004,DEM,4.559628890944259,0.17639088290207453,5.326929231568283
CA,2006,DEM,6.388762720870376,0.19422405813592197,7.233637373761637
CA,2008,DEM,4.3012222206983095,0.19422405813592197,5.1460968735895705
CA,2010,DEM,5.49343881288653,0.21573418441907313,6.431882515109498
CA,2012,DEM,4.342711377584251,0.17716069950307753,5.113360420422639
CA,2014,DEM,7.430856927822965,0.17716069950307753,8.201505970661351
CA,2016,DEM,3.951090568090784,0.16114290930711891,4.652062223576751
CO,2000,DEM,3.6948497489349594,,
CO,2002,DEM,5.010486231899619,,
CO,2004,DEM,3.433036898771022,1.1351910356234298,8.37111790373294
CO,2006,DEM,4.548679973071814,1.1351910356234298,9.486760978033733
CO,2008,DEM,3.064891189795138,0.9010498582423311,6.984458073149278
CO,2010,DEM,3.95823049002328,0.9733828460741036,8.192445870445631
CO,2012,DEM,2.856164766433046,0.9733828460741036,7.090380146855397
CO,2014,DEM,3.499081491108584,1.0474697582387424,8.055574939447114
CO,2016,DEM,2.591094556073322,0.8361051962474763,6.228152159749843
CT,2000,DEM,4.567983007103214,,
CT,2002,DEM,5.054032663202296,,
CT,2004,DEM,3.4995919475789123,1.4619952507084282,9.859271288160574
CT,2006,DEM,4.652292323996803,1.562801571865821,11.450479161613124
CT,2008,DEM,3.273538872292047,1.562801571865821,10.071725709908367
CT,2010,DEM,4.3928933528494944,1.7483319820184056,11.998137474629559
CT,2012,DEM,3.4094527760105446,1.5010062370561665,9.93882990720487
CT,2014,DEM,4.6822748738829265,1.5010062370561665,11.211652005077251
CT,2016,DEM,3.174234358801485,1.2869896924995528,8.77263952117454
DE,2000,DEM,3.1931436818862537,,
DE,2002,DEM,4.378187868041418,,
DE,2004,DEM,2.80863374011712,7.151400512397847,33.91722596904775
DE,2006,DEM,3.9730784206218663,8.22346442220911,39.745148657231496
DE,2008,DEM,2.5943231021877926,6.132777703673381,29.271906113167
DE,2010,DEM,3.2718658796738604,5.669448476052249,27.933966750501142
DE,2012,DEM,2.5769277352155213,5.657636607171903,27.187646976413298
DE,2014,DEM,4.317472378970455,6.312682969170434,31.77764329486184
DE,2016,DEM,2.3773297831875237,6.312682969170434,29.83750069907891
FL,2000,REP,4.589561501321395,,
FL,2002,REP,6.63735962648126,,
FL,2004,REP,4.442474749862017,0.3010546320077522,5.752062399095738
FL,2006,REP,6.490232718976558,0.3272404435155179,7.9137286482690605
FL,2008,REP,3.368740139697611,0.3272404435155179,4.792236068990114
FL,2010,REP,4.885274220212529,0.3919785509336929,6.590380916774093
FL,2012,REP,3.5935153817098584,0.2940948979534818,4.872828187807504
FL,2014,REP,5.401561051143781,0.2940948979534818,6.680873857241426
FL,2016,REP,3.0551882414630684,0.2286790253196847,4.049942001603696
GA,2000,REP,4.551808267904538,,
GA,2002,REP,6.774654661978605,,
GA,2004,REP,4.390760084478224,0.7644405203164402,7.716076347854738
GA,2006,REP,6.279261964529899,0.7644405203164402,9.604578227906412
GA,2008,REP,3.5568221490428864,0.575252686933394,6.05917133720315
GA,2010,REP,5.265972098449374,0.6341412451331642,8.024486514778637
GA,2012,REP,3.9396812291355188,0.6341412451331642,6.698195645464782
GA,2014,REP,6.072000919474425,0.7807829027283092,9.46840654634257
GA,2016,REP,3.710710860879619,0.618581252967257,6.401539311287186
HI,2000,DEM,5.87502643761897,,
HI,2002,DEM,5.555802480110227,,
HI,2004,DEM,4.801113858415152,5.256449005874082,27.666667033967407
HI,2006,DEM,5.918140283597283,5.275729402563213,28.867563184747258
HI,2008,DEM,4.786624257175748,5.275729402563213,27.736047158325725
HI,2010,DEM,5.553688899008944,5.606756141150086,29.943078113011815
HI,2012,DEM,4.733290891491673,4.993346365967349,26.45434758344964
HI,2014,DEM,5.552825416392496,5.100368884179549,27.739430062573533
HI,2016,DEM,4.84410460359481,5.192539359448345,27.43165081719511
IA,2000,REP,3.91869798908094,,
IA,2002,REP,4.9376766453819885,,
IA,2004,REP,3.428976635639,1.5985274365254727,10.382570984524806
IA,2006,REP,4.837049477211693,1.5985274365254727,11.790643826097497
IA,2008,REP,3.371169087727933,1.341315951667021,9.205893477479474
IA,2010,REP,4.518381226668209,1.5273115765253737,11.162186584553584
IA,2012,REP,2.602728049404984,1.5273115765253737,9.246533407290359
IA,2014,REP,3.570363837926904,1.7811318469491215,11.318287372155583
IA,2016,REP,2.639297155167579,1.4977144876917823,9.154355176626831
ID,2000,REP,4.0581533373238505,,
ID,2002,REP,4.937991175809769,,
ID,2004,REP,3.4939013951148272,4.3836769405441895,22.56289608648205
ID,2006,REP,4.491293627303472,4.3836769405441895,23.560288318670693
ID,2008,REP,3.1355236010861454,3.4821608897617504,18.282923471549758
ID,2010,REP,4.4728320183207195,3.6552713582074547,20.373262426523148
ID,2012,REP,3.148525388134467,3.6552713582074547,19.048955796336895
ID,2014,REP,4.596042347934194,4.511108604939664,24.21936477942173
ID,2016,REP,2.934298130558661,3.583866508140305,18.524117440968986
IL,2000,DEM,4.552332706325375,,
IL,2002,DEM,5.540754289127057,,
IL,2004,DEM,3.808634173671714,0.4635869273585941,5.825237307681598
IL,2006,DEM,5.5013336390916665,0.4635869273585941,7.5179367731015505
IL,2008,DEM,3.620292310022779,0.38199271081509223,5.28196060206843
IL,2010,DEM,5.140471500279073,0.3179564051562672,6.523581862708835
IL,2012,DEM,3.5586252872354285,0.3179564051562672,4.9417356496651905
IL,2014,DEM,5.044840221502118,0.3685285465897474,6.647939399167519
IL,2016,DEM,3.4339565264919254,0.439782892379519,5.347012108342833
IN,2000,REP,4.636618903309804,,
IN,2002,REP,5.915786802931338,,
IN,2004,REP,3.7247785929524704,0.8746147868498169,7.529352915749174
IN,2006,REP,5.399172846719883,1.0611926107036131,10.0153607032806
IN,2008,REP,3.3621607486411267,1.0611926107036131,7.978348605201843
IN,2010,REP,5.15103993772965,1.2963476700743326,10.790152302552997
IN,2012,REP,3.524234594983213,0.9292421588804305,7.566437986113085
IN,2014,REP,6.712340414106655,0.9292421588804305,10.754543805236526
IN,2016,REP,3.3855370609099498,0.7557653560183862,6.67311635958993
KS,2000,REP,3.8521580270787448,,
KS,2002,REP,4.819915892467677,,
KS,2004,REP,3.4590615738903114,2.098776832861808,12.588740796839176
KS,2006,REP,4.733016457881478,2.098776832861808,13.862695680830342
KS,2008,REP,3.310430670478076,1.709612123201488,10.747243406404548
KS,2010,REP,4.7873861948537995,1.9527607643496183,13.28189551977464
KS,2012,REP,3.781651239105299,1.9527607643496183,12.276160564026139
KS,2014,REP,4.639956755603038,2.3475790297808006,14.851925535149519
KS,2016,REP,3.407921372438095,1.9568389810152373,11.920170939854376
KY,2000,REP,4.179993298077412,,
KY,2002,REP,5.483247764205724,,
KY,2004,REP,3.6691794430552522,1.40064016258631,9.761964150305701
KY,2006,REP,4.786498245748393,1.40064016258631,10.879282952998842
KY,2008,REP,3.4288849266218624,1.1346928655902402,8.364798891939406
KY,2010,REP,4.430339555991369,1.2670589692411933,9.94204607219056
KY,2012,REP,3.4376527248840794,1.2670589692411933,8.94935924108327
KY,2014,REP,4.29299397692945,1.4326832294399212,10.525166024993107
KY,2016,REP,3.39870939675174,1.19784400058335,8.609330799289312
LA,2000,REP,5.822798919621252,,
LA,2002,REP,6.074501153287433,,
LA,2004,REP,4.527866430527651,1.2926622994070882,10.150947432948485
LA,2006,REP,7.7562498753459845,1.2926622994070882,13.379330877766819
LA,2008,REP,6.691034778087053,1.0681963238023517,11.337688786627282
LA,2010,REP,6.75710243863827,1.2651949918521443,12.260700653195098
LA,2012,REP,3.5177885773887105,1.2651949918521443,9.021386791945538
LA,2014,REP,4.261996276435919,1.4614338565997256,10.619233552644726
LA,2016,REP,3.3254704432187006,1.1745088130736925,8.434583780089262
MA,2000,DEM,4.260077746418872,,
MA,2002,DEM,5.432211165258185,,
MA,2004,DEM,3.8745348136639346,0.8683989198854234,7.652070115165526
MA,2006,DEM,5.198431944988114,0.9587157810369853,9.368845592499
MA,2008,DEM,3.8386036081338477,0.7750830937519195,7.2102150659546975
MA,2010,DEM,4.49588738701273,0.7620536889685489,7.810820934025918
MA,2012,DEM,3.112642377450082,0.6502161968854644,5.941082833901852
MA,2014,DEM,4.961914549215576,0.7631366825494489,8.28155911830568
MA,2016,DEM,3.0605082892166733,0.7631366825494489,6.380152858306776
MD,2000,DEM,4.152039377941461,,
MD,2002,DEM,4.813715237454556,,
MD,2004,DEM,3.546170025554588,0.9367503801450137,7.621034179185397
MD,2006,DEM,4.702557368260795,0.9745824036223278,8.941990824017921
MD,2008,DEM,3.202623589244309,0.9745824036223278,7.442057045001434
MD,2010,DEM,4.382428215825825,1.1065016098215297,9.195710218549479
MD,2012,DEM,3.0941623213024565,0.895440929664682,6.9893303653438235
MD,2014,DEM,4.697490424459363,0.895440929664682,8.59265846850073
MD,2016,DEM,2.9544879595382874,0.746354292516772,6.201129131986246
ME,2000,DEM,3.1328369875266096,,
ME,2002,DEM,4.038005709740074,,
ME,2004,DEM,2.816203307349164,3.509476903693812,18.082427838417246
ME,2006,DEM,3.7322833176266412,3.813591640607124,20.32140695426763
ME,2008,DEM,2.8165007513015756,3.153551963835066,16.53445179398411
ME,2010,DEM,3.5437870325744902,3.153551963835066,17.261738075257025
ME,2012,DEM,2.8826709676117503,2.806960419752861,15.092948793536694
ME,2014,DEM,3.3764050065333437,3.0660574410531294,16.713754875114457
ME,2016,DEM,2.6860997026487627,3.0660574410531294,16.023449571229875
MI,2000,REP,3.9314589447571047,,
MI,2002,REP,4.908542401789066,,
MI,2004,REP,3.2390006775989417,0.5481725844638022,5.623551420016481
MI,2006,REP,4.111276353966642,0.5789190394748973,6.6295741756824444
MI,2008,REP,3.118055829828985,0.4635659205804958,5.134567584354142
MI,2010,REP,4.6949811590406085,0.4635659205804958,6.711492913565765
MI,2012,REP,3.060355455914268,0.4209844764079247,4.89163792828874
MI,2014,REP,4.531511320524477,0.514489768277667,6.769541812532329
MI,2016,REP,2.9972778294570324,0.514489768277667,5.235308321464884
MN,2000,DEM,3.3844698524117307,,
MN,2002,DEM,3.63365821265803,,
MN,2004,DEM,2.939359902942336,0.8557689201415698,6.6619547055581645
MN,2006,DEM,3.6714527112301476,0.8973819107100512,7.57506402281887
MN,2008,DEM,2.8544779980404007,0.7857900863936911,6.272664873852957
MN,2010,DEM,3.826669109357115,0.7857900863936911,7.2448559851696706
MN,2012,DEM,2.843551695592104,0.6979763745466862,5.879748924870189
MN,2014,DEM,4.07427609026355,0.8290610779659401,7.680691779415389
MN,2016,DEM,2.7967803464651495,0.8290610779659401,6.403196035616988
MO,2000,REP,3.8696562197414384,,
MO,2002,REP,4.855513408500277,,
MO,2004,REP,3.3745490758797354,0.8725961611877081,7.170342377046266
MO,2006,REP,4.29118657030251,0.8273247152296622,7.89004908155154
MO,2008,REP,3.189810752072314,0.8273247152296622,6.7886732633213445
MO,2010,REP,4.6858526299347885,0.982231915759862,8.958561463490188
MO,2012,REP,2.9896483426137,0.8565875436752574,6.7158041576010685
MO,2014,REP,5.608906382444684,0.8565875436752574,9.335062197432054
MO,2016,REP,2.9090073412436515,0.7235321973636657,6.056372399775597
MS,2000,REP,5.070279139147726,,
MS,2002,REP,5.902874109403869,,
MS,2004,REP,3.5835775392110576,2.4620854232848037,14.293649130499954
MS,2006,REP,6.65893120824642,3.2221269904689485,20.675183616786345
MS,2008,REP,3.162687873543088,1.6061038370222191,10.14923956458974
MS,2010,REP,5.072608043380944,1.6061038370222191,12.059159734427595
MS,2012,REP,3.31077865375463,1.6084815230711542,10.30767327911415
MS,2014,REP,6.38692978688412,2.135125700187784,15.67472658270098
MS,2016,REP,3.383313329493273,2.135125700187784,12.671110125310133
MT,2000,REP,2.43591711061256,,
MT,2002,REP,3.018221000178075,,
MT,2004,REP,2.251086149066925,5.419040883953949,25.8239139942666
MT,2006,REP,2.4622415261957875,5.456713257903367,26.19894419807543
MT,2008,REP,2.079434393844874,4.5240526916417,21.759063602486265
MT,2010,REP,2.7751490948851227,4.5240526916417,22.454778303526513
MT,2012,REP,2.084462417142619,4.15056592966451,20.139424211183236
MT,2014,REP,2.7176645477942074,4.673486841797797,23.047332309614625
MT,2016,REP,1.969159031252523,4.673486841797797,22.29882679307294
NC,2000,REP,4.316857327865314,,
NC,2002,REP,5.792841740900448,,
NC,2004,REP,3.8088864837561247,0.6892674000816438,6.807199674111275
NC,2006,REP,6.698241144925206,0.6892674000816438,9.696554335280357
NC,2008,REP,3.0841549640778982,0.5165254572154216,5.331040702964982
NC,2010,REP,4.8825392509208285,0.5770299661759459,7.392619603786193
NC,2012,REP,2.965252712521943,0.5770299661759459,5.475333065387307
NC,2014,REP,4.62963292708898,0.7174424611146186,7.750507632937571
NC,2016,REP,2.827034627694762,0.5258719811990249,5.11457774591052
ND,2000,REP,3.500689635858264,,
ND,2002,REP,4.328442193654504,,
ND,2004,REP,3.217358291454053,6.686335637333155,32.302918313853276
ND,2006,REP,4.59514477003598,7.563609959761595,37.49684809499892
ND,2008,REP,3.185068399343876,7.563609959761595,36.086771724306814
ND,2010,REP,4.216971623997942,8.753424777444176,42.294369405880104
ND,2012,REP,3.1638460978704153,7.147158200559979,34.25398427030632
ND,2014,REP,4.021393815096312,7.147158200559979,35.11153198753222
ND,2016,REP,2.954567613802558,6.029981065859453,29.184985250291177
NE,2000,REP,4.391929975068478,,
NE,2002,REP,6.331598475351087,,
NE,2004,REP,3.9217121672427226,3.4113189267649524,18.760949498670264
NE,2006,REP,5.0328223900202484,3.7294889760967727,21.25609943604121
NE,2008,REP,3.868980833068953,2.888447437838806,16.433727187667756
NE,2010,REP,6.178611295325263,2.888447437838806,18.743357649924068
NE,2012,REP,3.8834197394225356,2.529911459423699,14.888534587915625
NE,2014,REP,5.601927062909641,3.009987892323703,18.69537439451775
NE,2016,REP,3.8058218926098553,3.009987892323703,16.899269224217964
NH,2000,DEM,3.594426482296551,,
NH,2002,DEM,4.5101625237065415,,
NH,2004,DEM,3.069527875917405,3.6224632569023774,18.827243043442746
NH,2006,DEM,4.9668586357529385,3.6224632569023774,20.72457380327828
NH,2008,DEM,2.963072706396533,2.958857821703666,15.83410423080748
NH,2010,DEM,4.439265301592586,3.478454453117391,19.570542172653234
NH,2012,DEM,2.9307636397739794,3.478454453117391,18.062040510834628
NH,2014,DEM,4.158695832986775,4.240396561886468,22.604420877192908
NH,2016,DEM,2.790268102910668,3.259189488462062,16.967742377720636
NJ,2000,DEM,4.3503970406591455,,
NJ,2002,DEM,6.480367725974161,,
NJ,2004,DEM,3.957869996148688,0.7799907415098982,7.350829721716745
NJ,2006,DEM,6.083744142056362,0.916868874456354,10.072123745941502
NJ,2008,DEM,3.781290176208122,0.6977740136746262,6.816607135692745
NJ,2010,DEM,6.127497190778211,0.6977740136746262,9.162814150262834
NJ,2012,DEM,3.656358376747511,0.5833358732749482,6.193869425493535
NJ,2014,DEM,6.588465244473238,0.7627469798556615,9.906414606845367
NJ,2016,DEM,3.4648924107595303,0.7627469798556615,6.782841773131658
NM,2000,DEM,5.106261297603121,,
NM,2002,DEM,6.856766714511661,,
NM,2004,DEM,4.0382339995073355,3.728331403921832,20.2564756065673
NM,2006,DEM,5.346792993562461,3.839176880476826,22.04721242363665
NM,2008,DEM,3.682942818629798,2.8939372015627263,16.271569645427657
NM,2010,DEM,5.019324398935903,2.8939372015627263,17.60795122573376
NM,2012,DEM,4.020962618450858,2.50087061558305,14.899749796237124
NM,2014,DEM,5.860691366224835,3.097655926319156,19.335494645713162
NM,2016,DEM,3.845532644726621,3.097655926319156,17.320335924214948
NV,2000,DEM,3.417611636284099,,
NV,2002,DEM,6.001104203173384,,
NV,2004,DEM,3.7905925075148494,2.8362397700376794,16.128235507178754
NV,2006,DEM,5.218961531034555,2.8722426470588234,17.713217045740436
NV,2008,DEM,3.303040779341462,2.8722426470588234,15.797296294047342
NV,2010,DEM,4.268712613192029,3.067541120388719,17.612516486882953
NV,2012,DEM,4.107864300810687,2.326651384444823,14.228797823145666
NV,2014,DEM,7.366360410232612,2.326651384444823,17.487293932567592
NV,2016,DEM,3.708865207784537,1.8992459518759564,11.970585098444946
NY,2000,DEM,5.322939292735905,,
NY,2002,DEM,4.092030037758149,,
NY,2004,DEM,4.660567644282335,0.2191476056644835,5.613859728922838
NY,2006,DEM,7.012660027692752,0.250583358057558,8.10269763524313
NY,2008,DEM,4.537974711275271,0.250583358057558,5.628012318825649
NY,2010,DEM,6.445356820509925,0.43929169924289174,8.356275712216505
NY,2012,DEM,4.173284026755388,0.2245488791965484,5.150071651260373
NY,2014,DEM,7.393802405286076,0.2245488791965484,8.370590029791062
NY,2016,DEM,3.794041443860412,0.1936388195487102,4.636370308897301
OH,2000,REP,4.202408333862321,,
OH,2002,REP,5.699768494402986,,
OH,2004,REP,3.4725517931099943,0.40492666170766484,5.2339827715383365
OH,2006,REP,4.544083287997688,0.4234851301666245,6.3862436042225035
OH,2008,REP,3.349248465858133,0.4234851301666245,5.1914087820829495
OH,2010,REP,4.705545275972388,0.510573074877839,6.926538151690988
OH,2012,REP,3.112649711155834,0.4317684425842421,4.990842436397287
OH,2014,REP,5.33304712647088,0.4317684425842421,7.211239851712333
OH,2016,REP,3.066100332384439,0.3695733580479357,4.6737444398929595
OK,2000,REP,5.51716528047889,,
OK,2002,REP,4.990757117817801,,
OK,2004,REP,3.6373953339492657,1.6225403302680843,10.695445770615432
OK,2006,REP,5.523677797245673,1.6225403302680843,12.58172823391184
OK,2008,REP,3.7399199806720937,1.43181090073434,9.968297398866472
OK,2010,REP,6.305337215739635,1.692068850281518,13.665836714464238
OK,2012,REP,3.770923914068186,1.692068850281518,11.131423412792788
OK,2014,REP,7.652128133355167,2.43661303478326,18.25139483466235
OK,2016,REP,4.412112484160517,1.7630010862290442,12.081167209256858
OR,2000,DEM,3.472217399698056,,
OR,2002,DEM,4.031234001040058,,
OR,2004,DEM,2.821183249393728,1.3124345628329688,8.53027359771714
OR,2006,DEM,3.6834203357216633,1.3124345628329688,9.392510684045076
OR,2008,DEM,2.9717523056340265,1.1273785573725765,7.8758490302047335
OR,2010,DEM,3.498078855092783,1.2460702060875515,8.91848425157363
OR,2012,DEM,2.927112555673681,1.2460702060875515,8.34751795215453
OR,2014,DEM,3.4466072287761373,1.3773127663808973,9.43791776253304
OR,2016,DEM,2.6152474154817416,1.1716132176716765,7.711764912353534
PA,2000,REP,4.61097935664542,,
PA,2002,REP,5.7396385175661635,,
PA,2004,REP,3.6876920753826368,0.3885528823872767,5.37789711376729
PA,2006,REP,4.734154783938159,0.4149313890201686,6.539106326175892
PA,2008,REP,3.282708213543279,0.4149313890201686,5.087659755781012
PA,2010,REP,4.802344352860087,0.49635772699927927,6.961500465306951
PA,2012,REP,3.239548406952071,0.4163564810882559,5.050699099685984
PA,2014,REP,5.415923356259739,0.4163564810882559,7.227074048993652
PA,2016,REP,3.123616064549179,0.34223128983037476,4.612322175311309
RI,2000,DEM,5.206611355098705,,
RI,2002,DEM,6.083779730671071,,
RI,2004,DEM,4.972959532541804,5.589722735777999,29.288253433176095
RI,2006,DEM,5.356444606328104,5.637669781949027,29.88030815780637
RI,2008,DEM,4.563792694280655,4.85282003438223,25.673559843843353
RI,2010,DEM,5.9689554626388155,4.85282003438223,27.078722612201517
RI,2012,DEM,4.675355034772953,4.667439127842324,24.97871524088706
RI,2014,DEM,6.323970694719801,5.441532770950921,29.994638248356306
RI,2016,DEM,4.634725682173686,5.441532770950921,28.305393235810193
SC,2000,REP,4.544487120544793,,
SC,2002,REP,5.7799626036419545,,
SC,2004,REP,4.169220314109058,1.4789880172390844,10.602818189099075
SC,2006,REP,5.523814083148132,1.4789880172390844,11.957411958138149
SC,2008,REP,3.2018955221491123,1.1517304029472781,8.211922774969771
SC,2010,REP,4.476980485588227,1.253830059008377,9.931141242274666
SC,2012,REP,3.882991056916883,1.253830059008377,9.337151813603322
SC,2014,REP,6.056505465563575,1.6135167525393728,13.075303339109846
SC,2016,REP,3.432277728145952,1.2160192909300314,8.721961643691587
SD,2000,REP,3.177013670689825,,
SD,2002,REP,2.9690594316626435,,
SD,2004,REP,2.5676050407222157,5.489257523027435,26.44587526589156
SD,2006,REP,2.9979434108201772,5.489257523027435,26.87621363598952
SD,2008,REP,2.6384736957364905,5.182280229212255,25.181392692809798
SD,2010,REP,3.1306155416277948,6.572245407643521,31.71988306487711
SD,2012,REP,2.7667951381875833,6.572245407643521,31.356062661436898
SD,2014,REP,3.6190055696495715,7.8839638204900275,37.91424818878119
SD,2016,REP,2.7028999413470713,6.162682492435307,29.510568783440654
TN,2000,REP,4.853379408081848,,
TN,2002,REP,5.885010812072642,,
TN,2004,REP,4.056359966791933,1.1201237512720406,8.928898284825308
TN,2006,REP,5.246510196301093,1.1507095850656308,10.252096891336587
TN,2008,REP,3.9098391101206187,0.9393464027729506,7.995995962182953
TN,2010,REP,5.772453722559198,0.9393464027729506,9.858610574621533
TN,2012,REP,3.9409263891874993,0.8428039920253886,7.607123754497939
TN,2014,REP,6.563780620948233,1.0823852089896422,11.272156280053176
TN,2016,REP,3.7640194039382515,1.0823852089896422,8.472395063043194
TX,2000,REP,5.011892385314955,,
TX,2002,REP,7.4501595963876035,,
TX,2004,REP,4.598624177870184,0.37069081198339604,6.211129209997957
TX,2006,REP,7.656050038029036,0.4530691185257131,9.626900703615888
TX,2008,REP,4.250445831919839,0.32715185358515086,5.673556395015245
TX,2010,REP,6.743069862628916,0.32715185358515086,8.166180425724322
TX,2012,REP,4.697158532231902,0.253535280099756,5.80003700066584
TX,2014,REP,8.083531623112524,0.3196629473882738,9.474065444251515
TX,2016,REP,4.221128012038657,0.3196629473882738,5.611661833177648
UT,2000,REP,3.9538506551530537,,
UT,2002,REP,5.384517358786545,,
UT,2004,REP,3.300849308527084,2.378927460554409,13.649183761938762
UT,2006,REP,5.266021871544173,2.697275347307917,16.99916963233361
UT,2008,REP,3.2022578052365454,2.697275347307917,14.935405566025983
UT,2010,REP,4.683877313640231,3.3192789530330327,19.122740759333922
UT,2012,REP,4.004416871809606,2.437939209985799,14.609452435247832
UT,2014,REP,7.067512412318674,2.437939209985799,17.6725479757569
UT,2016,REP,3.5901164095245788,1.8845620913739354,11.787961507001196
VA,2000,DEM,4.542209305830669,,
VA,2002,DEM,7.253630442036239,,
VA,2004,DEM,3.661775754850105,0.9506329195149015,7.797028954739925
VA,2006,DEM,4.788363058910796,1.0363051369386562,9.29629040459395
VA,2008,DEM,3.147033706161463,0.6651435986829491,6.040408360432291
VA,2010,DEM,5.023195748001796,0.6651435986829491,7.916570402272624
VA,2012,DEM,2.9408186971905823,0.5372379789644469,5.277803905685927
VA,2014,DEM,5.151426172335811,0.6681511872461965,8.057883836856766
VA,2016,DEM,2.908323304024485,0.6681511872461965,5.814780968545439
VT,2000,DEM,3.5290048912007794,,
VT,2002,DEM,4.435061824761837,,
VT,2004,DEM,3.27860252845827,6.714699147904678,32.487543821843616
VT,2006,DEM,3.8062468122682946,7.022139048886377,34.35255167492403
VT,2008,DEM,3.3540051852920163,7.022139048886377,33.900310047947755
VT,2010,DEM,4.192502966195849,8.038633673434527,39.16055944563603
VT,2012,DEM,3.449096509169423,7.576618555138841,36.40738722402338
VT,2014,DEM,5.2218230428607235,7.576618555138841,38.18011375771468
VT,2016,DEM,3.385996871338891,6.594446486891065,32.07183908931502
WA,2000,DEM,3.7776857141777804,,
WA,2002,DEM,5.175042952856509,,
WA,2004,DEM,3.296709334632481,0.3693895726495095,4.9035539756578475
WA,2006,DEM,4.381574796402824,0.3827373586395447,6.046482306484844
WA,2008,DEM,3.088047437898508,0.3827373586395447,4.752954947980528
WA,2010,DEM,3.6298972860064636,0.8705440116583254,7.416763736720179
WA,2012,DEM,3.3263856225630066,0.7167802375087156,6.444379655725919
WA,2014,DEM,4.927079227433977,0.7167802375087156,8.04507326059689
WA,2016,DEM,3.183663983368539,0.633639877745522,5.93999745156156
WI,2000,REP,3.590930745309646,,
WI,2002,REP,4.8853589456418325,,
WI,2004,REP,2.835257705433027,0.7286205428004457,6.004757066614966
WI,2006,REP,3.877071628413701,0.7861573415303339,7.296856064070653
WI,2008,REP,2.882702129668266,0.7861573415303339,6.302486565325218
WI,2010,REP,3.7374759516781735,0.928154355781984,7.774947399329804
WI,2012,REP,2.791298128085693,0.7720901754999573,6.149890391510507
WI,2014,REP,3.3961911716010493,0.7720901754999573,6.754783435025863
WI,2016,REP,2.884273570463885,0.6713491028761939,5.804642167975328
WV,2000,REP,5.173555543292313,,
WV,2002,REP,7.500956371937422,,
WV,2004,REP,4.1571053244205,3.8474116538098992,20.89334601849356
WV,2006,REP,6.596117525224653,4.463951914309979,26.01430835247306
WV,2008,REP,4.647128074849743,3.441772099618652,19.618836708190877
WV,2010,REP,5.83234345504138,3.246078736885842,19.952785960494793
WV,2012,REP,4.677603944155646,3.360920892324497,19.297609825767207
WV,2014,REP,6.8276784982748735,3.5910156379753495,22.448596523467643
WV,2016,REP,4.3709541355782555,3.5910156379753495,19.991872160771024
WY,2000,REP,4.7100493613173064,,
WY,2002,REP,5.489920505951074,,
WY,2004,REP,4.183505275400153,10.07711512348245,48.0189560625488
WY,2006,REP,5.171459747943052,10.626540848423021,51.39691243858319
WY,2008,REP,4.009703482427475,8.007943880329286,38.84425936185987
WY,2010,REP,5.348480229342832,8.007943880329286,40.18303610877523
WY,2012,REP,4.138713108546029,8.087114396276693,39.31766073234964
WY,2014,REP,6.0569351907934585,9.67932399601212,48.16199457344617
WY,2016,REP,3.9717844433146925,9.67932399601212,46.0768438259674
